{
    "counter": {
        "ACTIVE": 4773,
        "INACTIVE": 5034,
        "INVALID": 24,
        "MALICIOUS": 0,
        "SANE": 0,
        "VALID": 0,
        "total": 9831
    },
    "percentage": {
        "ACTIVE": 48.55050350930729,
        "INACTIVE": 51.221001221001224,
        "INVALID": 0.2733485193621868,
        "MALICIOUS": 0,
        "SANE": 0,
        "VALID": 0,
        "total": 100.04485324967071
    }
}