{
    "counter": {
        "ACTIVE": 482,
        "INACTIVE": 1,
        "INVALID": 34,
        "MALICIOUS": 0,
        "SANE": 0,
        "VALID": 0,
        "total": 517
    },
    "percentage": {
        "ACTIVE": 93.2301740812379,
        "INACTIVE": 3.4482758620689653,
        "INVALID": 6.8,
        "MALICIOUS": 0,
        "SANE": 0,
        "VALID": 0,
        "total": 103.47844994330687
    }
}