{
    "counter": {
        "ACTIVE": 3324,
        "INACTIVE": 3152,
        "INVALID": 17,
        "MALICIOUS": 0,
        "SANE": 0,
        "VALID": 0,
        "total": 6493
    },
    "percentage": {
        "ACTIVE": 51.20147874306839,
        "INACTIVE": 48.54458647774526,
        "INVALID": 0.26279177616324007,
        "MALICIOUS": 0,
        "SANE": 0,
        "VALID": 0,
        "total": 100.00885699697689
    }
}