{
    "counter": {
        "ACTIVE": 109,
        "INACTIVE": 0,
        "INVALID": 7,
        "MALICIOUS": 0,
        "SANE": 0,
        "VALID": 0,
        "total": 116
    },
    "percentage": {
        "ACTIVE": 93.96551724137932,
        "INACTIVE": 0,
        "INVALID": 6.086956521739131,
        "MALICIOUS": 0,
        "SANE": 0,
        "VALID": 0,
        "total": 100.05247376311844
    }
}