{
    "counter": {
        "ACTIVE": 4769,
        "INACTIVE": 5032,
        "INVALID": 24,
        "MALICIOUS": 0,
        "SANE": 0,
        "VALID": 0,
        "total": 9825
    },
    "percentage": {
        "ACTIVE": 48.54438110749186,
        "INACTIVE": 51.216284987277355,
        "INVALID": 0.2733485193621868,
        "MALICIOUS": 0,
        "SANE": 0,
        "VALID": 0,
        "total": 100.03401461413141
    }
}