{
    "counter": {
        "ACTIVE": 3949,
        "INACTIVE": 3762,
        "INVALID": 18,
        "MALICIOUS": 0,
        "SANE": 0,
        "VALID": 0,
        "total": 7729
    },
    "percentage": {
        "ACTIVE": 51.09328503040497,
        "INACTIVE": 48.68012422360248,
        "INVALID": 0.27666769136181985,
        "MALICIOUS": 0,
        "SANE": 0,
        "VALID": 0,
        "total": 100.05007694536927
    }
}