{
    "counter": {
        "ACTIVE": 522,
        "INACTIVE": 0,
        "INVALID": 1,
        "MALICIOUS": 0,
        "SANE": 0,
        "VALID": 0,
        "total": 523
    },
    "percentage": {
        "ACTIVE": 99.80879541108986,
        "INACTIVE": 0,
        "INVALID": 0.19157088122605365,
        "MALICIOUS": 0,
        "SANE": 0,
        "VALID": 0,
        "total": 100.00036629231592
    }
}