{
    "counter": {
        "ACTIVE": 3433,
        "INACTIVE": 3277,
        "INVALID": 18,
        "MALICIOUS": 0,
        "SANE": 0,
        "VALID": 0,
        "total": 6728
    },
    "percentage": {
        "ACTIVE": 51.025564803805,
        "INACTIVE": 48.72137972048766,
        "INVALID": 0.27666769136181985,
        "MALICIOUS": 0,
        "SANE": 0,
        "VALID": 0,
        "total": 100.02361221565448
    }
}