{
    "counter": {
        "ACTIVE": 502,
        "INACTIVE": 494,
        "INVALID": 0,
        "MALICIOUS": 0,
        "SANE": 0,
        "VALID": 0,
        "total": 996
    },
    "percentage": {
        "ACTIVE": 50.503018108651915,
        "INACTIVE": 49.59839357429719,
        "INVALID": 0,
        "MALICIOUS": 0,
        "SANE": 0,
        "VALID": 0,
        "total": 100.1014116829491
    }
}