{
    "counter": {
        "ACTIVE": 2928,
        "INACTIVE": 2738,
        "INVALID": 10,
        "MALICIOUS": 0,
        "SANE": 0,
        "VALID": 0,
        "total": 5676
    },
    "percentage": {
        "ACTIVE": 51.60380683820937,
        "INACTIVE": 48.238195912614515,
        "INVALID": 0.1986886548778065,
        "MALICIOUS": 0,
        "SANE": 0,
        "VALID": 0,
        "total": 100.04069140570171
    }
}