{
    "counter": {
        "ACTIVE": 4465,
        "INACTIVE": 4952,
        "INVALID": 24,
        "MALICIOUS": 0,
        "SANE": 0,
        "VALID": 0,
        "total": 9441
    },
    "percentage": {
        "ACTIVE": 47.313764967680406,
        "INACTIVE": 52.45207075521661,
        "INVALID": 0.2733485193621868,
        "MALICIOUS": 0,
        "SANE": 0,
        "VALID": 0,
        "total": 100.0391842422592
    }
}