{
    "counter": {
        "ACTIVE": 215,
        "INACTIVE": 212,
        "INVALID": 0,
        "MALICIOUS": 0,
        "SANE": 0,
        "VALID": 0,
        "total": 427
    },
    "percentage": {
        "ACTIVE": 50.8274231678487,
        "INACTIVE": 49.64871194379391,
        "INVALID": 0,
        "MALICIOUS": 0,
        "SANE": 0,
        "VALID": 0,
        "total": 100.4761351116426
    }
}