{
    "counter": {
        "ACTIVE": 397,
        "INACTIVE": 5,
        "INVALID": 394,
        "MALICIOUS": 0,
        "SANE": 0,
        "VALID": 0,
        "total": 796
    },
    "percentage": {
        "ACTIVE": 49.87437185929648,
        "INACTIVE": 0.6747638326585695,
        "INVALID": 51.43603133159269,
        "MALICIOUS": 0,
        "SANE": 0,
        "VALID": 0,
        "total": 101.98516702354775
    }
}