{
    "counter": {
        "ACTIVE": 500,
        "INACTIVE": 0,
        "INVALID": 1,
        "MALICIOUS": 0,
        "SANE": 0,
        "VALID": 0,
        "total": 501
    },
    "percentage": {
        "ACTIVE": 99.8003992015968,
        "INACTIVE": 0,
        "INVALID": 0.20040080160320642,
        "MALICIOUS": 0,
        "SANE": 0,
        "VALID": 0,
        "total": 100.00080000320001
    }
}