{
    "counter": {
        "ACTIVE": 4779,
        "INACTIVE": 5035,
        "INVALID": 24,
        "MALICIOUS": 0,
        "SANE": 0,
        "VALID": 0,
        "total": 9838
    },
    "percentage": {
        "ACTIVE": 48.58188472095151,
        "INACTIVE": 51.1791014433828,
        "INVALID": 0.2733485193621868,
        "MALICIOUS": 0,
        "SANE": 0,
        "VALID": 0,
        "total": 100.03433468369649
    }
}