{
    "counter": {
        "ACTIVE": 437,
        "INACTIVE": 429,
        "INVALID": 0,
        "MALICIOUS": 0,
        "SANE": 0,
        "VALID": 0,
        "total": 866
    },
    "percentage": {
        "ACTIVE": 50.696055684454755,
        "INACTIVE": 49.53810623556582,
        "INVALID": 0,
        "MALICIOUS": 0,
        "SANE": 0,
        "VALID": 0,
        "total": 100.23416192002057
    }
}