{
    "counter": {
        "ACTIVE": 5468,
        "INACTIVE": 5160,
        "INVALID": 26,
        "MALICIOUS": 0,
        "SANE": 0,
        "VALID": 0,
        "total": 10654
    },
    "percentage": {
        "ACTIVE": 51.33790254436203,
        "INACTIVE": 48.43251360991177,
        "INVALID": 0.24579315560597467,
        "MALICIOUS": 0,
        "SANE": 0,
        "VALID": 0,
        "total": 100.01620930987978
    }
}