{
    "counter": {
        "ACTIVE": 5422,
        "INACTIVE": 5149,
        "INVALID": 26,
        "MALICIOUS": 0,
        "SANE": 0,
        "VALID": 0,
        "total": 10597
    },
    "percentage": {
        "ACTIVE": 51.16542417665377,
        "INACTIVE": 48.59380898452246,
        "INVALID": 0.24579315560597467,
        "MALICIOUS": 0,
        "SANE": 0,
        "VALID": 0,
        "total": 100.00502631678222
    }
}