{
    "counter": {
        "ACTIVE": 1069,
        "INACTIVE": 1048,
        "INVALID": 3,
        "MALICIOUS": 0,
        "SANE": 0,
        "VALID": 0,
        "total": 2120
    },
    "percentage": {
        "ACTIVE": 50.567644276253546,
        "INACTIVE": 49.43396226415094,
        "INVALID": 0.19329896907216496,
        "MALICIOUS": 0,
        "SANE": 0,
        "VALID": 0,
        "total": 100.19490550947664
    }
}