{
    "counter": {
        "ACTIVE": 4831,
        "INACTIVE": 5042,
        "INVALID": 24,
        "MALICIOUS": 0,
        "SANE": 0,
        "VALID": 0,
        "total": 9897
    },
    "percentage": {
        "ACTIVE": 48.81277154693341,
        "INACTIVE": 50.96532902051956,
        "INVALID": 0.2733485193621868,
        "MALICIOUS": 0,
        "SANE": 0,
        "VALID": 0,
        "total": 100.05144908681517
    }
}