{
    "counter": {
        "ACTIVE": 4157,
        "INACTIVE": 4414,
        "INVALID": 23,
        "MALICIOUS": 0,
        "SANE": 0,
        "VALID": 0,
        "total": 8594
    },
    "percentage": {
        "ACTIVE": 48.39348079161816,
        "INACTIVE": 51.361414940656275,
        "INVALID": 0.2936670071501532,
        "MALICIOUS": 0,
        "SANE": 0,
        "VALID": 0,
        "total": 100.04856273942458
    }
}