{
    "counter": {
        "ACTIVE": 817,
        "INACTIVE": 778,
        "INVALID": 3,
        "MALICIOUS": 0,
        "SANE": 0,
        "VALID": 0,
        "total": 1598
    },
    "percentage": {
        "ACTIVE": 51.19047619047619,
        "INACTIVE": 48.685857321652065,
        "INVALID": 0.19329896907216496,
        "MALICIOUS": 0,
        "SANE": 0,
        "VALID": 0,
        "total": 100.06963248120041
    }
}