{
    "counter": {
        "ACTIVE": 4804,
        "INACTIVE": 5039,
        "INVALID": 24,
        "MALICIOUS": 0,
        "SANE": 0,
        "VALID": 0,
        "total": 9867
    },
    "percentage": {
        "ACTIVE": 48.69247922156902,
        "INACTIVE": 51.069220634438025,
        "INVALID": 0.2733485193621868,
        "MALICIOUS": 0,
        "SANE": 0,
        "VALID": 0,
        "total": 100.03504837536924
    }
}