{
    "counter": {
        "ACTIVE": 379,
        "INACTIVE": 356,
        "INVALID": 0,
        "MALICIOUS": 0,
        "SANE": 0,
        "VALID": 0,
        "total": 735
    },
    "percentage": {
        "ACTIVE": 51.63487738419619,
        "INACTIVE": 48.435374149659864,
        "INVALID": 0,
        "MALICIOUS": 0,
        "SANE": 0,
        "VALID": 0,
        "total": 100.07025153385605
    }
}