{
    "counter": {
        "ACTIVE": 476,
        "INACTIVE": 8,
        "INVALID": 494,
        "MALICIOUS": 0,
        "SANE": 0,
        "VALID": 0,
        "total": 978
    },
    "percentage": {
        "ACTIVE": 49.68684759916493,
        "INACTIVE": 0.8359456635318704,
        "INVALID": 50.511247443762784,
        "MALICIOUS": 0,
        "SANE": 0,
        "VALID": 0,
        "total": 101.03404070645959
    }
}