{
    "counter": {
        "ACTIVE": 200,
        "INACTIVE": 2,
        "INVALID": 139,
        "MALICIOUS": 0,
        "SANE": 0,
        "VALID": 0,
        "total": 341
    },
    "percentage": {
        "ACTIVE": 58.8235294117647,
        "INACTIVE": 0.7547169811320755,
        "INVALID": 40.76246334310851,
        "MALICIOUS": 0,
        "SANE": 0,
        "VALID": 0,
        "total": 100.3407097360053
    }
}