{
    "counter": {
        "ACTIVE": 3844,
        "INACTIVE": 3686,
        "INVALID": 18,
        "MALICIOUS": 0,
        "SANE": 0,
        "VALID": 0,
        "total": 7548
    },
    "percentage": {
        "ACTIVE": 50.93414601828541,
        "INACTIVE": 48.83412824589295,
        "INVALID": 0.27666769136181985,
        "MALICIOUS": 0,
        "SANE": 0,
        "VALID": 0,
        "total": 100.04494195554018
    }
}