{
    "counter": {
        "ACTIVE": 270,
        "INACTIVE": 3,
        "INVALID": 296,
        "MALICIOUS": 0,
        "SANE": 0,
        "VALID": 0,
        "total": 569
    },
    "percentage": {
        "ACTIVE": 47.45166959578207,
        "INACTIVE": 0.5725190839694656,
        "INVALID": 52.29681978798587,
        "MALICIOUS": 0,
        "SANE": 0,
        "VALID": 0,
        "total": 100.32100846773741
    }
}