{
    "counter": {
        "ACTIVE": 2609,
        "INACTIVE": 2430,
        "INVALID": 10,
        "MALICIOUS": 0,
        "SANE": 0,
        "VALID": 0,
        "total": 5049
    },
    "percentage": {
        "ACTIVE": 51.6838351822504,
        "INACTIVE": 48.1283422459893,
        "INVALID": 0.1986886548778065,
        "MALICIOUS": 0,
        "SANE": 0,
        "VALID": 0,
        "total": 100.0108660831175
    }
}