{
    "counter": {
        "ACTIVE": 4816,
        "INACTIVE": 5039,
        "INVALID": 24,
        "MALICIOUS": 0,
        "SANE": 0,
        "VALID": 0,
        "total": 9879
    },
    "percentage": {
        "ACTIVE": 48.74987346897459,
        "INACTIVE": 51.02268124746861,
        "INVALID": 0.2733485193621868,
        "MALICIOUS": 0,
        "SANE": 0,
        "VALID": 0,
        "total": 100.0459032358054
    }
}