{
    "counter": {
        "ACTIVE": 5014,
        "INACTIVE": 5070,
        "INVALID": 24,
        "MALICIOUS": 0,
        "SANE": 0,
        "VALID": 0,
        "total": 10108
    },
    "percentage": {
        "ACTIVE": 49.60427384250099,
        "INACTIVE": 50.17814726840855,
        "INVALID": 0.2733485193621868,
        "MALICIOUS": 0,
        "SANE": 0,
        "VALID": 0,
        "total": 100.05576963027173
    }
}