{
    "counter": {
        "ACTIVE": 3133,
        "INACTIVE": 2963,
        "INVALID": 12,
        "MALICIOUS": 0,
        "SANE": 0,
        "VALID": 0,
        "total": 6108
    },
    "percentage": {
        "ACTIVE": 51.31859131859132,
        "INACTIVE": 48.51015062213491,
        "INVALID": 0.20611473720371007,
        "MALICIOUS": 0,
        "SANE": 0,
        "VALID": 0,
        "total": 100.03485667792992
    }
}