{
    "counter": {
        "ACTIVE": 476,
        "INACTIVE": 8,
        "INVALID": 490,
        "MALICIOUS": 0,
        "SANE": 0,
        "VALID": 0,
        "total": 974
    },
    "percentage": {
        "ACTIVE": 49.68684759916493,
        "INACTIVE": 0.8359456635318704,
        "INVALID": 50.30800821355236,
        "MALICIOUS": 0,
        "SANE": 0,
        "VALID": 0,
        "total": 100.83080147624916
    }
}