{
    "counter": {
        "ACTIVE": 4615,
        "INACTIVE": 4995,
        "INVALID": 24,
        "MALICIOUS": 0,
        "SANE": 0,
        "VALID": 0,
        "total": 9634
    },
    "percentage": {
        "ACTIVE": 47.90325929001453,
        "INACTIVE": 51.87454564336899,
        "INVALID": 0.2733485193621868,
        "MALICIOUS": 0,
        "SANE": 0,
        "VALID": 0,
        "total": 100.05115345274571
    }
}