{
    "counter": {
        "ACTIVE": 4737,
        "INACTIVE": 5028,
        "INVALID": 24,
        "MALICIOUS": 0,
        "SANE": 0,
        "VALID": 0,
        "total": 9789
    },
    "percentage": {
        "ACTIVE": 48.391051179895804,
        "INACTIVE": 51.37952176578786,
        "INVALID": 0.2733485193621868,
        "MALICIOUS": 0,
        "SANE": 0,
        "VALID": 0,
        "total": 100.04392146504584
    }
}