{
    "counter": {
        "ACTIVE": 4059,
        "INACTIVE": 3788,
        "INVALID": 23,
        "MALICIOUS": 0,
        "SANE": 0,
        "VALID": 0,
        "total": 7870
    },
    "percentage": {
        "ACTIVE": 51.57560355781449,
        "INACTIVE": 48.14438230808337,
        "INVALID": 0.2936670071501532,
        "MALICIOUS": 0,
        "SANE": 0,
        "VALID": 0,
        "total": 100.013652873048
    }
}