{
    "counter": {
        "ACTIVE": 4051,
        "INACTIVE": 3786,
        "INVALID": 23,
        "MALICIOUS": 0,
        "SANE": 0,
        "VALID": 0,
        "total": 7860
    },
    "percentage": {
        "ACTIVE": 51.53944020356234,
        "INACTIVE": 48.186330660557466,
        "INVALID": 0.2936670071501532,
        "MALICIOUS": 0,
        "SANE": 0,
        "VALID": 0,
        "total": 100.01943787126996
    }
}