{
    "counter": {
        "ACTIVE": 727,
        "INACTIVE": 703,
        "INVALID": 2,
        "MALICIOUS": 0,
        "SANE": 0,
        "VALID": 0,
        "total": 1432
    },
    "percentage": {
        "ACTIVE": 50.76815642458101,
        "INACTIVE": 49.264190609670635,
        "INVALID": 0.1558846453624318,
        "MALICIOUS": 0,
        "SANE": 0,
        "VALID": 0,
        "total": 100.18823167961408
    }
}