{
    "counter": {
        "ACTIVE": 3943,
        "INACTIVE": 3750,
        "INVALID": 18,
        "MALICIOUS": 0,
        "SANE": 0,
        "VALID": 0,
        "total": 7711
    },
    "percentage": {
        "ACTIVE": 51.141374837872895,
        "INACTIVE": 48.63182466606147,
        "INVALID": 0.27666769136181985,
        "MALICIOUS": 0,
        "SANE": 0,
        "VALID": 0,
        "total": 100.04986719529619
    }
}