{
    "counter": {
        "ACTIVE": 5503,
        "INACTIVE": 5163,
        "INVALID": 26,
        "MALICIOUS": 0,
        "SANE": 0,
        "VALID": 0,
        "total": 10692
    },
    "percentage": {
        "ACTIVE": 51.46838757949869,
        "INACTIVE": 48.288439955106625,
        "INVALID": 0.24317246539468762,
        "MALICIOUS": 0.0,
        "SANE": 0.0,
        "VALID": 0.0,
        "total": 100.00000000000001
    }
}