{
    "counter": {
        "ACTIVE": 4830,
        "INACTIVE": 5042,
        "INVALID": 24,
        "MALICIOUS": 0,
        "SANE": 0,
        "VALID": 0,
        "total": 9896
    },
    "percentage": {
        "ACTIVE": 48.807599029911074,
        "INACTIVE": 50.96532902051956,
        "INVALID": 0.2733485193621868,
        "MALICIOUS": 0,
        "SANE": 0,
        "VALID": 0,
        "total": 100.04627656979282
    }
}