{
    "counter": {
        "ACTIVE": 2808,
        "INACTIVE": 2599,
        "INVALID": 10,
        "MALICIOUS": 0,
        "SANE": 0,
        "VALID": 0,
        "total": 5417
    },
    "percentage": {
        "ACTIVE": 51.83681004245893,
        "INACTIVE": 48.13854417484719,
        "INVALID": 0.1986886548778065,
        "MALICIOUS": 0,
        "SANE": 0,
        "VALID": 0,
        "total": 100.17404287218393
    }
}