{
    "counter": {
        "ACTIVE": 4734,
        "INACTIVE": 5026,
        "INVALID": 24,
        "MALICIOUS": 0,
        "SANE": 0,
        "VALID": 0,
        "total": 9784
    },
    "percentage": {
        "ACTIVE": 48.390064397424105,
        "INACTIVE": 51.36958299264105,
        "INVALID": 0.2733485193621868,
        "MALICIOUS": 0,
        "SANE": 0,
        "VALID": 0,
        "total": 100.03299590942734
    }
}