{
    "counter": {
        "ACTIVE": 145,
        "INACTIVE": 1,
        "INVALID": 82,
        "MALICIOUS": 0,
        "SANE": 0,
        "VALID": 0,
        "total": 228
    },
    "percentage": {
        "ACTIVE": 74.74226804123711,
        "INACTIVE": 0.5780346820809249,
        "INVALID": 35.96491228070175,
        "MALICIOUS": 0,
        "SANE": 0,
        "VALID": 0,
        "total": 111.28521500401979
    }
}