{
    "counter": {
        "ACTIVE": 4793,
        "INACTIVE": 5036,
        "INVALID": 24,
        "MALICIOUS": 0,
        "SANE": 0,
        "VALID": 0,
        "total": 9853
    },
    "percentage": {
        "ACTIVE": 48.64508271592408,
        "INACTIVE": 51.15286947689182,
        "INVALID": 0.2733485193621868,
        "MALICIOUS": 0,
        "SANE": 0,
        "VALID": 0,
        "total": 100.07130071217809
    }
}