{
    "counter": {
        "ACTIVE": 4814,
        "INACTIVE": 5039,
        "INVALID": 24,
        "MALICIOUS": 0,
        "SANE": 0,
        "VALID": 0,
        "total": 9877
    },
    "percentage": {
        "ACTIVE": 48.739495798319325,
        "INACTIVE": 51.02268124746861,
        "INVALID": 0.2733485193621868,
        "MALICIOUS": 0,
        "SANE": 0,
        "VALID": 0,
        "total": 100.03552556515012
    }
}