{
    "counter": {
        "ACTIVE": 4275,
        "INACTIVE": 4651,
        "INVALID": 24,
        "MALICIOUS": 0,
        "SANE": 0,
        "VALID": 0,
        "total": 8950
    },
    "percentage": {
        "ACTIVE": 47.77070063694268,
        "INACTIVE": 51.96648044692738,
        "INVALID": 0.2733485193621868,
        "MALICIOUS": 0,
        "SANE": 0,
        "VALID": 0,
        "total": 100.01052960323224
    }
}