{
    "counter": {
        "ACTIVE": 3940,
        "INACTIVE": 3745,
        "INVALID": 18,
        "MALICIOUS": 0,
        "SANE": 0,
        "VALID": 0,
        "total": 7703
    },
    "percentage": {
        "ACTIVE": 51.14890302479554,
        "INACTIVE": 48.63004804570835,
        "INVALID": 0.27666769136181985,
        "MALICIOUS": 0,
        "SANE": 0,
        "VALID": 0,
        "total": 100.05561876186572
    }
}