{
    "counter": {
        "ACTIVE": 4978,
        "INACTIVE": 5063,
        "INVALID": 24,
        "MALICIOUS": 0,
        "SANE": 0,
        "VALID": 0,
        "total": 10065
    },
    "percentage": {
        "ACTIVE": 49.46343402225755,
        "INACTIVE": 50.303030303030305,
        "INVALID": 0.2733485193621868,
        "MALICIOUS": 0,
        "SANE": 0,
        "VALID": 0,
        "total": 100.03981284465004
    }
}