{
    "counter": {
        "ACTIVE": 5494,
        "INACTIVE": 5163,
        "INVALID": 26,
        "MALICIOUS": 0,
        "SANE": 0,
        "VALID": 0,
        "total": 10683
    },
    "percentage": {
        "ACTIVE": 51.42750163811663,
        "INACTIVE": 48.39253913206486,
        "INVALID": 0.24579315560597467,
        "MALICIOUS": 0,
        "SANE": 0,
        "VALID": 0,
        "total": 100.06583392578747
    }
}