{
    "counter": {
        "ACTIVE": 4541,
        "INACTIVE": 4977,
        "INVALID": 24,
        "MALICIOUS": 0,
        "SANE": 0,
        "VALID": 0,
        "total": 9542
    },
    "percentage": {
        "ACTIVE": 47.58960385663383,
        "INACTIVE": 52.16981132075472,
        "INVALID": 0.2733485193621868,
        "MALICIOUS": 0,
        "SANE": 0,
        "VALID": 0,
        "total": 100.03276369675073
    }
}