{
    "counter": {
        "ACTIVE": 2229,
        "INACTIVE": 2081,
        "INVALID": 8,
        "MALICIOUS": 0,
        "SANE": 0,
        "VALID": 0,
        "total": 4318
    },
    "percentage": {
        "ACTIVE": 51.6211208893006,
        "INACTIVE": 48.227114716106605,
        "INVALID": 0.22968705139247775,
        "MALICIOUS": 0,
        "SANE": 0,
        "VALID": 0,
        "total": 100.07792265679969
    }
}