{
    "counter": {
        "ACTIVE": 476,
        "INACTIVE": 8,
        "INVALID": 496,
        "MALICIOUS": 0,
        "SANE": 0,
        "VALID": 0,
        "total": 980
    },
    "percentage": {
        "ACTIVE": 49.68684759916493,
        "INACTIVE": 0.8359456635318704,
        "INVALID": 50.61224489795919,
        "MALICIOUS": 0,
        "SANE": 0,
        "VALID": 0,
        "total": 101.135038160656
    }
}