{
    "counter": {
        "ACTIVE": 5323,
        "INACTIVE": 5131,
        "INVALID": 24,
        "MALICIOUS": 0,
        "SANE": 0,
        "VALID": 0,
        "total": 10478
    },
    "percentage": {
        "ACTIVE": 50.801679709868296,
        "INACTIVE": 48.97861779305078,
        "INVALID": 0.2733485193621868,
        "MALICIOUS": 0,
        "SANE": 0,
        "VALID": 0,
        "total": 100.05364602228126
    }
}