{
    "counter": {
        "ACTIVE": 4859,
        "INACTIVE": 5046,
        "INVALID": 24,
        "MALICIOUS": 0,
        "SANE": 0,
        "VALID": 0,
        "total": 9929
    },
    "percentage": {
        "ACTIVE": 48.93745593715379,
        "INACTIVE": 50.84643288996372,
        "INVALID": 0.2733485193621868,
        "MALICIOUS": 0,
        "SANE": 0,
        "VALID": 0,
        "total": 100.05723734647971
    }
}