{
    "counter": {
        "ACTIVE": 5406,
        "INACTIVE": 5146,
        "INVALID": 24,
        "MALICIOUS": 0,
        "SANE": 0,
        "VALID": 0,
        "total": 10576
    },
    "percentage": {
        "ACTIVE": 51.11573373676248,
        "INACTIVE": 48.671143478672086,
        "INVALID": 0.2733485193621868,
        "MALICIOUS": 0,
        "SANE": 0,
        "VALID": 0,
        "total": 100.06022573479676
    }
}