{
    "counter": {
        "ACTIVE": 476,
        "INACTIVE": 8,
        "INVALID": 498,
        "MALICIOUS": 0,
        "SANE": 0,
        "VALID": 0,
        "total": 982
    },
    "percentage": {
        "ACTIVE": 49.68684759916493,
        "INACTIVE": 0.8359456635318704,
        "INVALID": 50.712830957230146,
        "MALICIOUS": 0,
        "SANE": 0,
        "VALID": 0,
        "total": 101.23562421992695
    }
}