{
    "counter": {
        "ACTIVE": 4746,
        "INACTIVE": 5030,
        "INVALID": 24,
        "MALICIOUS": 0,
        "SANE": 0,
        "VALID": 0,
        "total": 9800
    },
    "percentage": {
        "ACTIVE": 48.42857142857143,
        "INACTIVE": 51.337007552561744,
        "INVALID": 0.2733485193621868,
        "MALICIOUS": 0,
        "SANE": 0,
        "VALID": 0,
        "total": 100.03892750049536
    }
}