{
    "counter": {
        "ACTIVE": 5480,
        "INACTIVE": 5162,
        "INVALID": 26,
        "MALICIOUS": 0,
        "SANE": 0,
        "VALID": 0,
        "total": 10668
    },
    "percentage": {
        "ACTIVE": 51.36857892763405,
        "INACTIVE": 48.40131270511017,
        "INVALID": 0.24579315560597467,
        "MALICIOUS": 0,
        "SANE": 0,
        "VALID": 0,
        "total": 100.0156847883502
    }
}