{
    "counter": {
        "ACTIVE": 4385,
        "INACTIVE": 4828,
        "INVALID": 24,
        "MALICIOUS": 0,
        "SANE": 0,
        "VALID": 0,
        "total": 9237
    },
    "percentage": {
        "ACTIVE": 47.5854584915898,
        "INACTIVE": 52.26805239796471,
        "INVALID": 0.2733485193621868,
        "MALICIOUS": 0,
        "SANE": 0,
        "VALID": 0,
        "total": 100.1268594089167
    }
}