{
    "counter": {
        "ACTIVE": 3071,
        "INACTIVE": 2879,
        "INVALID": 12,
        "MALICIOUS": 0,
        "SANE": 0,
        "VALID": 0,
        "total": 5962
    },
    "percentage": {
        "ACTIVE": 51.54414232964082,
        "INACTIVE": 48.28916470982892,
        "INVALID": 0.20611473720371007,
        "MALICIOUS": 0,
        "SANE": 0,
        "VALID": 0,
        "total": 100.03942177667344
    }
}