{
    "counter": {
        "ACTIVE": 4784,
        "INACTIVE": 5035,
        "INVALID": 24,
        "MALICIOUS": 0,
        "SANE": 0,
        "VALID": 0,
        "total": 9843
    },
    "percentage": {
        "ACTIVE": 48.60306817027329,
        "INACTIVE": 51.1791014433828,
        "INVALID": 0.2733485193621868,
        "MALICIOUS": 0,
        "SANE": 0,
        "VALID": 0,
        "total": 100.05551813301828
    }
}