{
    "counter": {
        "ACTIVE": 4860,
        "INACTIVE": 5048,
        "INVALID": 24,
        "MALICIOUS": 0,
        "SANE": 0,
        "VALID": 0,
        "total": 9932
    },
    "percentage": {
        "ACTIVE": 48.93274265002014,
        "INACTIVE": 50.83073205115296,
        "INVALID": 0.2733485193621868,
        "MALICIOUS": 0,
        "SANE": 0,
        "VALID": 0,
        "total": 100.03682322053528
    }
}