{
    "counter": {
        "ACTIVE": 4603,
        "INACTIVE": 4994,
        "INVALID": 24,
        "MALICIOUS": 0,
        "SANE": 0,
        "VALID": 0,
        "total": 9621
    },
    "percentage": {
        "ACTIVE": 47.84325953643072,
        "INACTIVE": 51.93427620632279,
        "INVALID": 0.2733485193621868,
        "MALICIOUS": 0,
        "SANE": 0,
        "VALID": 0,
        "total": 100.0508842621157
    }
}