{
    "counter": {
        "ACTIVE": 4711,
        "INACTIVE": 5016,
        "INVALID": 24,
        "MALICIOUS": 0,
        "SANE": 0,
        "VALID": 0,
        "total": 9751
    },
    "percentage": {
        "ACTIVE": 48.31299353912419,
        "INACTIVE": 51.47255002565418,
        "INVALID": 0.2733485193621868,
        "MALICIOUS": 0,
        "SANE": 0,
        "VALID": 0,
        "total": 100.05889208414057
    }
}