{
    "counter": {
        "ACTIVE": 2153,
        "INACTIVE": 2012,
        "INVALID": 8,
        "MALICIOUS": 0,
        "SANE": 0,
        "VALID": 0,
        "total": 4173
    },
    "percentage": {
        "ACTIVE": 51.63069544364508,
        "INACTIVE": 48.214713635274386,
        "INVALID": 0.22968705139247775,
        "MALICIOUS": 0,
        "SANE": 0,
        "VALID": 0,
        "total": 100.07509613031193
    }
}