{
    "counter": {
        "ACTIVE": 476,
        "INACTIVE": 8,
        "INVALID": 476,
        "MALICIOUS": 0,
        "SANE": 0,
        "VALID": 0,
        "total": 960
    },
    "percentage": {
        "ACTIVE": 49.68684759916493,
        "INACTIVE": 0.8359456635318704,
        "INVALID": 49.583333333333336,
        "MALICIOUS": 0,
        "SANE": 0,
        "VALID": 0,
        "total": 100.10612659603014
    }
}