{
    "counter": {
        "ACTIVE": 5501,
        "INACTIVE": 5163,
        "INVALID": 26,
        "MALICIOUS": 0,
        "SANE": 0,
        "VALID": 0,
        "total": 10690
    },
    "percentage": {
        "ACTIVE": 51.45930776426567,
        "INACTIVE": 48.39253913206486,
        "INVALID": 0.24579315560597467,
        "MALICIOUS": 0,
        "SANE": 0,
        "VALID": 0,
        "total": 100.09764005193651
    }
}