{
    "counter": {
        "ACTIVE": 1766,
        "INACTIVE": 1676,
        "INVALID": 7,
        "MALICIOUS": 0,
        "SANE": 0,
        "VALID": 0,
        "total": 3449
    },
    "percentage": {
        "ACTIVE": 51.203247318063205,
        "INACTIVE": 48.77764842840512,
        "INVALID": 0.20771513353115728,
        "MALICIOUS": 0,
        "SANE": 0,
        "VALID": 0,
        "total": 100.18861087999947
    }
}