{
    "counter": {
        "ACTIVE": 5441,
        "INACTIVE": 5156,
        "INVALID": 26,
        "MALICIOUS": 0,
        "SANE": 0,
        "VALID": 0,
        "total": 10623
    },
    "percentage": {
        "ACTIVE": 51.21905299821143,
        "INACTIVE": 48.54990583804143,
        "INVALID": 0.24579315560597467,
        "MALICIOUS": 0,
        "SANE": 0,
        "VALID": 0,
        "total": 100.01475199185884
    }
}