{
    "counter": {
        "ACTIVE": 1937,
        "INACTIVE": 1826,
        "INVALID": 8,
        "MALICIOUS": 0,
        "SANE": 0,
        "VALID": 0,
        "total": 3771
    },
    "percentage": {
        "ACTIVE": 51.36568549456378,
        "INACTIVE": 48.43501326259947,
        "INVALID": 0.22968705139247775,
        "MALICIOUS": 0,
        "SANE": 0,
        "VALID": 0,
        "total": 100.03038580855572
    }
}